time, #execs, #covered, #singletons, #sglt_clusts, #foundnew, done, update?
38727, 1, 593, 593, 1, 1, true, true
38739, 2, 942, 610, 2, 2, true, true
39166, 3, 1113, 481, 3, 3, true, true
39167, 4, 1123, 482, 4, 4, true, true
39168, 5, 1128, 484, 5, 5, true, true
39169, 6, 1142, 492, 6, 6, true, true
39170, 7, 1144, 486, 7, 7, true, true
39171, 8, 1145, 487, 8, 7, true, true
39172, 9, 1150, 487, 9, 7, true, true
39173, 10, 1178, 384, 10, 7, true, true
39175, 11, 1248, 397, 11, 8, true, true
39178, 12, 1252, 401, 12, 9, true, true
39179, 13, 1259, 350, 13, 10, true, true
39181, 14, 1275, 342, 14, 8, true, true
39183, 15, 1421, 425, 15, 8, true, true
39185, 17, 1453, 402, 16, 9, true, true
39186, 18, 1453, 401, 15, 10, true, true
39187, 19, 1453, 400, 15, 12, true, true
39188, 20, 1453, 399, 15, 14, true, true
39190, 21, 1462, 408, 16, 15, true, true
39191, 22, 1519, 458, 17, 15, true, true
39192, 23, 1520, 453, 18, 15, true, true
39193, 24, 1560, 451, 19, 16, true, true
39195, 25, 1570, 459, 20, 16, true, true
39197, 27, 1571, 460, 21, 15, true, true
39198, 28, 1571, 459, 21, 16, true, true
39200, 29, 1582, 458, 22, 15, true, true
39202, 31, 1582, 457, 22, 17, true, true
39204, 33, 1595, 461, 23, 16, true, true
39206, 34, 1597, 452, 23, 15, true, true
39207, 35, 1597, 448, 22, 16, true, true
39208, 36, 1599, 447, 23, 16, true, true
39209, 37, 1599, 445, 23, 18, true, true
39210, 38, 1600, 445, 23, 18, true, true
39212, 39, 1605, 423, 24, 18, true, true
39213, 40, 1605, 422, 23, 19, true, true
39215, 41, 1638, 442, 24, 18, true, true
39217, 42, 1811, 587, 25, 17, true, true
39219, 44, 1811, 584, 25, 19, true, true
39221, 46, 1811, 580, 24, 20, true, true
39222, 47, 1812, 581, 25, 21, true, true
39223, 48, 1812, 579, 24, 21, true, true
39226, 49, 1821, 588, 25, 21, true, true
39228, 50, 1821, 584, 25, 22, true, true
39231, 51, 1822, 573, 26, 22, true, true
39233, 52, 1823, 568, 27, 21, true, true
39237, 55, 1826, 571, 28, 21, true, true
39239, 56, 1826, 570, 28, 22, true, true
39241, 57, 1827, 571, 29, 23, true, true
39244, 58, 1827, 536, 29, 25, true, true
39246, 59, 1833, 541, 30, 24, true, true
39249, 61, 1836, 543, 31, 24, true, true
39253, 65, 1836, 542, 30, 28, true, true
39254, 66, 1837, 543, 31, 26, true, true
39258, 68, 1839, 543, 31, 27, true, true
39259, 69, 1840, 542, 32, 26, true, true
39263, 71, 1841, 532, 33, 26, true, true
39265, 73, 1842, 533, 34, 25, true, true
39266, 74, 1842, 532, 33, 27, true, true
39271, 75, 1845, 534, 34, 27, true, true
39274, 77, 1850, 537, 35, 29, true, true
39279, 79, 1869, 553, 36, 30, true, true
39286, 86, 1869, 551, 36, 34, true, true
39292, 88, 1872, 554, 37, 35, true, true
39296, 92, 1874, 556, 38, 36, true, true
39297, 93, 1875, 557, 39, 34, true, true
39298, 94, 1875, 555, 38, 34, true, true
39303, 97, 1883, 424, 39, 34, true, true
39305, 99, 1890, 430, 40, 34, true, true
39308, 101, 1898, 423, 41, 35, true, true
39310, 103, 1898, 422, 40, 37, true, true
39314, 104, 1898, 413, 39, 37, true, true
39316, 106, 1900, 415, 40, 35, true, true
39318, 107, 1901, 416, 41, 34, true, true
39325, 112, 1901, 414, 40, 38, true, true
39327, 113, 1902, 415, 41, 38, true, true
39329, 114, 1923, 412, 42, 37, true, true
92760, 115, 2058, 542, 43, 36, true, true
92764, 116, 2059, 543, 44, 34, true, true
92770, 120, 2059, 542, 43, 35, true, true
92779, 122, 2061, 514, 43, 35, true, true
92781, 123, 2063, 511, 42, 33, true, true
92784, 125, 2063, 510, 41, 34, true, true
92786, 126, 2063, 509, 40, 34, true, true
92788, 128, 2064, 509, 40, 34, true, true
92794, 129, 2065, 510, 41, 32, true, true
92796, 130, 2087, 532, 42, 31, true, true
92799, 133, 2091, 536, 43, 32, true, true
92803, 134, 2095, 534, 44, 32, true, true
92810, 138, 2095, 533, 43, 33, true, true
92816, 142, 2095, 532, 42, 35, true, true
92820, 145, 2095, 531, 42, 37, true, true
92822, 147, 2096, 532, 43, 38, true, true
92826, 148, 2099, 533, 43, 38, true, true
92831, 149, 2099, 529, 42, 39, true, true
92834, 151, 2099, 527, 41, 41, true, true
92839, 152, 2099, 525, 39, 42, true, true
92842, 154, 2104, 458, 39, 40, true, true
92847, 156, 2105, 458, 39, 41, true, true
92852, 157, 2105, 455, 38, 41, true, true
92857, 158, 2105, 453, 37, 41, true, true
92859, 159, 2105, 452, 37, 43, true, true
92862, 161, 2106, 452, 37, 43, true, true
92871, 165, 2107, 448, 38, 43, true, true
92884, 171, 2108, 449, 39, 44, true, true
92892, 173, 2112, 453, 40, 41, true, true
92894, 174, 2113, 454, 41, 40, true, true
92902, 178, 2119, 437, 41, 43, true, true
92906, 180, 2128, 317, 42, 45, true, true
92911, 183, 2130, 319, 43, 44, true, true
92917, 184, 2130, 314, 42, 44, true, true
92922, 185, 2144, 313, 43, 38, true, true
92942, 194, 2144, 312, 43, 43, true, true
92947, 196, 2144, 311, 43, 43, true, true
92949, 197, 2144, 306, 43, 44, true, true
92955, 201, 2144, 305, 42, 44, true, true
92956, 202, 2145, 306, 43, 44, true, true
92958, 203, 2146, 281, 43, 43, true, true
92961, 206, 2152, 287, 44, 44, true, true
92978, 215, 2153, 288, 45, 46, true, true
92982, 218, 2154, 289, 46, 43, true, true
92986, 219, 2154, 286, 46, 43, true, true
92990, 220, 2182, 254, 47, 43, true, true
92993, 222, 2182, 253, 47, 45, true, true
93004, 226, 2185, 256, 48, 45, true, true
93012, 228, 2185, 255, 48, 46, true, true
93024, 235, 2186, 256, 49, 47, true, true
93033, 240, 2186, 254, 48, 48, true, true
93038, 245, 2188, 256, 49, 48, true, true
93045, 247, 2190, 258, 50, 48, true, true
93057, 252, 2190, 257, 49, 50, true, true
93061, 255, 2190, 252, 49, 50, true, true
93065, 256, 2197, 255, 50, 50, true, true
93075, 262, 2216, 271, 51, 54, true, true
148940, 265, 2246, 285, 52, 54, true, true
148945, 267, 2248, 287, 53, 54, true, true
149005, 270, 2251, 281, 53, 52, true, true
149026, 280, 2251, 280, 53, 56, true, true
149033, 282, 2252, 281, 54, 55, true, true
149043, 284, 2252, 279, 53, 56, true, true
149051, 285, 2269, 244, 54, 52, true, true
149062, 287, 2269, 242, 54, 53, true, true
149066, 289, 2269, 241, 54, 55, true, true
149074, 292, 2270, 239, 55, 54, true, true
149077, 293, 2271, 240, 56, 53, true, true
149083, 296, 2272, 239, 56, 52, true, true
149087, 298, 2272, 238, 55, 52, true, true
149097, 301, 2274, 240, 56, 54, true, true
149099, 302, 2274, 239, 55, 54, true, true
149105, 304, 2275, 240, 56, 53, true, true
149108, 306, 2276, 240, 56, 52, true, true
149118, 310, 2277, 212, 56, 52, true, true
149123, 311, 2281, 216, 57, 49, true, true
149131, 317, 2281, 213, 56, 55, true, true
149140, 318, 2282, 211, 56, 55, true, true
149169, 322, 2282, 209, 55, 57, true, true
149173, 325, 2290, 211, 55, 55, true, true
149186, 329, 2290, 207, 54, 56, true, true
149222, 346, 2290, 203, 54, 64, true, true
149228, 349, 2294, 206, 54, 63, true, true
149235, 350, 2294, 192, 54, 63, true, true
149237, 351, 2294, 191, 53, 63, true, true
149244, 356, 2295, 191, 54, 64, true, true
149284, 364, 2295, 190, 53, 64, true, true
149286, 365, 2296, 191, 54, 65, true, true
149299, 369, 2297, 192, 55, 66, true, true
149303, 371, 2297, 186, 55, 66, true, true
149314, 373, 2297, 184, 54, 67, true, true
149320, 374, 2299, 185, 55, 65, true, true
149360, 383, 2305, 191, 56, 65, true, true
149365, 385, 2320, 205, 56, 63, true, true
149397, 393, 2321, 203, 56, 61, true, true
149423, 404, 2322, 197, 56, 62, true, true
149432, 408, 2323, 197, 57, 58, true, true
149437, 409, 2323, 195, 57, 58, true, true
149441, 410, 2323, 193, 56, 59, true, true
149457, 415, 2325, 194, 57, 63, true, true
149477, 421, 2329, 197, 57, 62, true, true
149484, 423, 2330, 198, 58, 61, true, true
149524, 442, 2331, 199, 59, 65, true, true
149527, 443, 2332, 200, 60, 64, true, true
149540, 451, 2333, 201, 61, 64, true, true
149546, 453, 2333, 200, 60, 66, true, true
149734, 456, 2335, 202, 61, 64, true, true
149748, 460, 2336, 202, 61, 60, true, true
149804, 469, 2336, 201, 61, 62, true, true
149855, 477, 2336, 200, 61, 63, true, true
149858, 478, 2336, 196, 60, 63, true, true
149881, 481, 2336, 195, 59, 63, true, true
149902, 486, 2337, 196, 60, 65, true, true
149910, 487, 2340, 198, 61, 64, true, true
149917, 491, 2341, 199, 62, 62, true, true
149922, 493, 2341, 198, 62, 62, true, true
149931, 494, 2341, 197, 61, 62, true, true
149978, 498, 2341, 196, 61, 62, true, true
149996, 500, 2341, 195, 60, 62, true, true
150016, 504, 2341, 194, 59, 63, true, true
150040, 509, 2341, 193, 58, 66, true, true
150048, 511, 2341, 192, 58, 66, true, true
150063, 513, 2341, 190, 57, 67, true, true
150086, 517, 2342, 191, 58, 67, true, true
150091, 519, 2342, 190, 57, 67, true, true
150102, 524, 2347, 193, 58, 66, true, true
150154, 531, 2347, 192, 57, 67, true, true
150156, 532, 2350, 195, 58, 62, true, true
150163, 536, 2350, 193, 58, 65, true, true
150188, 541, 2351, 194, 59, 65, true, true
206732, 550, 2355, 198, 60, 65, true, true
230206, 570, 2360, 201, 61, 67, true, true
230224, 575, 2361, 202, 62, 65, true, true
230311, 577, 2437, 251, 63, 64, true, true
230320, 579, 2447, 260, 63, 62, true, true
230333, 582, 2447, 258, 62, 62, true, true
230349, 594, 2447, 257, 61, 63, true, true
230364, 598, 2460, 266, 62, 61, true, true
230373, 600, 2461, 267, 63, 58, true, true
230381, 601, 2461, 257, 62, 58, true, true
230397, 606, 2461, 256, 61, 61, true, true
230407, 608, 2462, 257, 62, 60, true, true
272665, 609, 2468, 252, 63, 59, true, true
272763, 624, 2474, 248, 64, 59, true, true
272771, 625, 2475, 249, 65, 58, true, true
272790, 631, 2476, 249, 65, 55, true, true
272795, 632, 2476, 235, 64, 56, true, true
272803, 633, 2476, 234, 63, 57, true, true
272805, 634, 2476, 233, 62, 57, true, true
272807, 635, 2477, 234, 63, 56, true, true
272811, 637, 2477, 233, 63, 57, true, true
272815, 639, 2477, 232, 62, 59, true, true
281152, 644, 2481, 236, 63, 59, true, true
281192, 647, 2482, 237, 64, 60, true, true
281256, 650, 2483, 234, 65, 59, true, true
281282, 656, 2484, 235, 66, 55, true, true
333738, 660, 2492, 240, 67, 56, true, true
333747, 661, 2492, 232, 66, 56, true, true
333758, 664, 2493, 233, 67, 55, true, true
333774, 671, 2494, 234, 68, 54, true, true
333784, 673, 2495, 233, 68, 51, true, true
333811, 679, 2498, 236, 69, 49, true, true
333881, 701, 2498, 234, 68, 52, true, true
333891, 704, 2498, 233, 67, 53, true, true
333900, 706, 2498, 232, 66, 53, true, true
333902, 707, 2498, 231, 65, 53, true, true
333904, 708, 2498, 230, 64, 53, true, true
333986, 727, 2498, 229, 63, 55, true, true
334000, 730, 2502, 231, 64, 54, true, true
365052, 738, 2588, 317, 65, 53, true, true
365099, 744, 2589, 318, 66, 52, true, true
365130, 749, 2590, 318, 66, 47, true, true
365198, 761, 2590, 317, 65, 47, true, true
365225, 768, 2591, 318, 66, 46, true, true
365256, 775, 2591, 313, 65, 47, true, true
365309, 789, 2591, 309, 64, 47, true, true
365340, 795, 2596, 312, 64, 47, true, true
365345, 796, 2597, 313, 65, 45, true, true
365361, 800, 2597, 310, 64, 45, true, true
365416, 819, 2598, 307, 65, 46, true, true
365428, 823, 2598, 306, 64, 46, true, true
365434, 824, 2599, 307, 65, 45, true, true
365440, 826, 2600, 307, 65, 43, true, true
365487, 846, 2600, 306, 65, 45, true, true
365493, 848, 2600, 305, 64, 45, true, true
365529, 865, 2606, 307, 65, 45, true, true
365567, 873, 2609, 309, 66, 44, true, true
365583, 875, 2609, 308, 65, 44, true, true
365704, 906, 2610, 308, 65, 46, true, true
365713, 908, 2610, 307, 65, 47, true, true
365721, 910, 2610, 305, 64, 48, true, true
365738, 915, 2611, 302, 65, 48, true, true
365748, 918, 2613, 304, 66, 46, true, true
365770, 925, 2616, 306, 66, 43, true, true
365778, 926, 2616, 301, 65, 44, true, true
365816, 934, 2617, 302, 66, 44, true, true
365819, 935, 2617, 301, 65, 44, true, true
365863, 944, 2617, 300, 64, 44, true, true
365930, 967, 2619, 302, 65, 44, true, true
366018, 984, 2619, 296, 64, 46, true, true
366096, 1006, 2619, 295, 64, 50, true, true
366111, 1011, 2620, 296, 65, 50, true, true
366135, 1015, 2620, 295, 64, 50, true, true
366141, 1016, 2626, 301, 65, 48, true, true
366181, 1024, 2627, 300, 66, 47, true, true
366199, 1033, 2627, 294, 65, 47, true, true
366272, 1052, 2627, 293, 64, 49, true, true
366403, 1068, 2628, 289, 65, 48, true, true
366434, 1070, 2628, 288, 65, 48, true, true
366437, 1071, 2629, 289, 66, 46, true, true
366485, 1079, 2630, 288, 67, 45, true, true
366492, 1080, 2633, 281, 68, 41, true, true
404857, 1086, 2660, 308, 69, 40, true, true
404891, 1095, 2660, 307, 68, 41, true, true
405050, 1131, 2660, 306, 67, 43, true, true
405083, 1138, 2660, 305, 66, 44, true, true
405105, 1142, 2660, 304, 65, 45, true, true
405230, 1167, 2661, 305, 66, 46, true, true
405403, 1203, 2675, 319, 67, 49, true, true
405428, 1206, 2675, 313, 66, 49, true, true
405446, 1209, 2675, 312, 65, 49, true, true
405457, 1211, 2677, 311, 66, 49, true, true
405487, 1218, 2677, 310, 65, 49, true, true
405619, 1246, 2677, 307, 64, 50, true, true
405646, 1254, 2677, 306, 63, 50, true, true
405673, 1265, 2678, 307, 64, 50, true, true
405675, 1266, 2678, 306, 63, 50, true, true
405703, 1273, 2679, 307, 64, 50, true, true
405716, 1276, 2679, 305, 64, 51, true, true
405728, 1278, 2679, 302, 63, 51, true, true
405917, 1294, 2681, 304, 64, 49, true, true
405958, 1305, 2681, 302, 63, 51, true, true
406000, 1315, 2681, 301, 62, 51, true, true
406006, 1316, 2682, 302, 63, 50, true, true
406104, 1344, 2683, 303, 64, 50, true, true
406170, 1361, 2683, 302, 63, 52, true, true
406199, 1372, 2683, 301, 62, 54, true, true
406228, 1379, 2683, 300, 61, 54, true, true
406240, 1382, 2684, 300, 61, 53, true, true
406285, 1391, 2684, 299, 60, 53, true, true
406326, 1406, 2685, 300, 61, 54, true, true
406430, 1438, 2723, 268, 62, 54, true, true
406506, 1460, 2723, 267, 62, 58, true, true
406723, 1517, 2723, 265, 62, 60, true, true
406788, 1541, 2727, 269, 63, 58, true, true
406846, 1571, 2727, 268, 62, 60, true, true
406889, 1588, 2728, 268, 63, 59, true, true
406973, 1614, 2728, 265, 63, 60, true, true
406984, 1616, 2729, 266, 64, 58, true, true
407248, 1689, 2733, 265, 64, 60, true, true
407322, 1711, 2734, 265, 64, 61, true, true
407354, 1722, 2734, 264, 63, 61, true, true
407398, 1731, 2735, 265, 64, 52, true, true
407422, 1738, 2735, 264, 63, 52, true, true
407560, 1779, 2735, 263, 62, 55, true, true
407608, 1792, 2735, 240, 61, 57, true, true
407631, 1798, 2735, 239, 60, 58, true, true
407688, 1812, 2735, 238, 59, 58, true, true
407694, 1814, 2736, 239, 60, 56, true, true
407705, 1817, 2737, 236, 61, 56, true, true
407716, 1823, 2741, 240, 62, 55, true, true
407777, 1851, 2742, 241, 63, 54, true, true
407821, 1866, 2743, 241, 63, 53, true, true
407823, 1867, 2744, 242, 64, 51, true, true
407905, 1896, 2744, 240, 63, 51, true, true
407948, 1905, 2744, 236, 62, 51, true, true
407959, 1908, 2744, 235, 61, 51, true, true
408021, 1924, 2745, 236, 62, 48, true, true
408029, 1925, 2746, 237, 63, 46, true, true
408152, 1954, 2815, 264, 64, 45, true, true
408186, 1962, 2815, 263, 63, 46, true, true
408232, 1969, 2815, 262, 62, 46, true, true
408247, 1973, 2816, 263, 63, 45, true, true
408289, 1986, 2816, 262, 62, 45, true, true
408310, 1991, 2816, 261, 61, 45, true, true
408346, 2003, 2816, 260, 60, 45, true, true
408362, 2011, 2817, 261, 61, 40, true, true
408474, 2043, 2818, 262, 62, 41, true, true
408484, 2044, 2818, 261, 61, 42, true, true
408535, 2064, 2818, 259, 60, 42, true, true
408569, 2070, 2818, 258, 59, 42, true, true
408593, 2075, 2818, 256, 58, 42, true, true
408600, 2076, 2820, 255, 59, 38, true, true
408624, 2087, 2820, 250, 58, 38, true, true
408804, 2142, 2821, 251, 59, 40, true, true
408853, 2156, 2821, 210, 58, 40, true, true
408875, 2164, 2822, 211, 59, 39, true, true
408953, 2189, 2827, 213, 60, 34, true, true
408972, 2194, 2829, 208, 60, 33, true, true
409017, 2207, 2830, 208, 61, 31, true, true
409146, 2251, 2830, 207, 61, 33, true, true
409244, 2279, 2830, 205, 59, 34, true, true
409290, 2295, 2830, 199, 58, 34, true, true
409328, 2303, 2830, 198, 57, 35, true, true
409349, 2308, 2830, 197, 56, 35, true, true
409380, 2316, 2830, 192, 55, 35, true, true
409412, 2329, 2830, 191, 55, 35, true, true
409482, 2350, 2830, 190, 54, 35, true, true
409528, 2365, 2830, 189, 53, 36, true, true
409539, 2368, 2832, 185, 53, 34, true, true
409578, 2374, 2833, 186, 54, 31, true, true
409588, 2375, 2833, 185, 53, 31, true, true
409806, 2422, 2834, 186, 54, 32, true, true
409977, 2462, 2834, 185, 53, 35, true, true
410063, 2486, 2835, 186, 54, 31, true, true
410140, 2509, 2835, 185, 53, 32, true, true
410306, 2552, 2835, 184, 52, 32, true, true
410337, 2560, 2836, 182, 53, 31, true, true
410458, 2601, 2837, 183, 54, 31, true, true
410566, 2629, 2837, 174, 54, 31, true, true
410627, 2645, 2837, 173, 53, 32, true, true
410648, 2650, 2837, 172, 52, 32, true, true
410775, 2681, 2837, 171, 51, 34, true, true
410954, 2725, 2837, 170, 50, 36, true, true
410964, 2727, 2837, 169, 49, 36, true, true
411162, 2780, 2837, 168, 48, 36, true, true
411227, 2799, 2838, 169, 49, 35, true, true
411311, 2824, 2838, 168, 48, 36, true, true
411498, 2877, 2838, 165, 48, 37, true, true
411546, 2889, 2838, 161, 47, 37, true, true
411607, 2901, 2838, 160, 46, 37, true, true
411894, 2983, 2838, 159, 45, 39, true, true
411906, 2987, 2838, 158, 44, 40, true, true
411995, 3009, 2838, 157, 43, 41, true, true
412147, 3034, 2838, 155, 42, 41, true, true
412162, 3036, 2838, 154, 41, 41, true, true
412199, 3044, 2838, 153, 40, 41, true, true
412328, 3077, 2839, 154, 41, 38, true, true
412748, 3164, 2840, 155, 42, 37, true, true
412754, 3165, 2840, 154, 41, 37, true, true
412923, 3209, 2840, 153, 40, 41, true, true
413075, 3239, 2841, 154, 41, 40, true, true
413257, 3271, 2841, 149, 40, 41, true, true
413321, 3292, 2842, 150, 41, 40, true, true
413346, 3296, 2844, 152, 42, 36, true, true
413759, 3379, 2844, 151, 41, 36, true, true
413777, 3382, 2844, 147, 40, 36, true, true
414044, 3451, 2844, 145, 39, 36, true, true
414192, 3491, 2844, 144, 38, 37, true, true
414411, 3535, 2846, 146, 39, 37, true, true
414508, 3559, 2848, 148, 40, 36, true, true
414529, 3562, 2848, 147, 39, 36, true, true
414617, 3584, 2849, 148, 40, 31, true, true
415033, 3662, 2849, 147, 39, 32, true, true
415126, 3684, 2849, 146, 38, 32, true, true
415202, 3698, 2849, 145, 37, 32, true, true
415430, 3736, 2849, 144, 36, 34, true, true
415495, 3745, 2849, 143, 35, 34, true, true
416094, 3875, 2849, 142, 34, 37, true, true
416308, 3919, 2850, 143, 35, 35, true, true
416660, 4024, 2851, 144, 36, 33, true, true
416702, 4031, 2851, 143, 35, 34, true, true
416738, 4037, 2851, 142, 34, 34, true, true
416754, 4043, 2852, 143, 35, 32, true, true
416937, 4087, 2853, 144, 36, 30, true, true
417219, 4138, 2853, 132, 36, 30, true, true
417401, 4191, 2854, 133, 37, 26, true, true
417482, 4213, 2855, 134, 38, 25, true, true
417523, 4221, 2856, 135, 39, 23, true, true
417535, 4222, 2856, 134, 38, 23, true, true
417999, 4360, 2856, 132, 37, 25, true, true
418074, 4364, 2856, 131, 36, 25, true, true
418184, 4395, 2857, 132, 37, 24, true, true
418481, 4464, 2857, 130, 36, 24, true, true
418706, 4539, 2857, 128, 35, 24, true, true
419061, 4675, 2857, 127, 34, 28, true, true
419201, 4715, 2857, 126, 33, 29, true, true
419282, 4742, 2857, 125, 32, 30, true, true
419394, 4780, 2858, 126, 33, 26, true, true
419504, 4825, 2859, 127, 34, 21, true, true
419648, 4862, 2859, 126, 33, 22, true, true
419745, 4884, 2860, 127, 34, 20, true, true
419801, 4898, 2860, 126, 33, 21, true, true
420194, 4982, 2860, 125, 32, 21, true, true
420270, 4998, 2861, 126, 33, 20, true, true
420778, 5092, 2861, 125, 32, 22, true, true
420925, 5142, 2861, 124, 31, 22, true, true
421328, 5271, 2862, 125, 32, 22, true, true
421435, 5304, 2862, 124, 31, 23, true, true
421439, 5305, 2866, 128, 32, 22, true, true
421618, 5358, 2866, 127, 31, 22, true, true
421884, 5432, 2866, 126, 30, 22, true, true
422810, 5694, 2867, 127, 31, 21, true, true
423253, 5837, 2867, 126, 30, 21, true, true
423582, 5962, 2867, 125, 29, 22, true, true
423715, 5997, 2867, 124, 28, 23, true, true
423840, 6033, 2867, 122, 27, 23, true, true
424852, 6339, 2867, 121, 26, 23, true, true
424898, 6359, 2867, 119, 26, 23, true, true
424943, 6376, 2867, 118, 25, 23, true, true
424991, 6395, 2867, 117, 24, 24, true, true
425002, 6400, 2867, 116, 23, 24, true, true
425501, 6533, 2868, 117, 24, 22, true, true
425952, 6674, 2868, 116, 23, 23, true, true
426524, 6914, 2869, 117, 24, 22, true, true
426794, 7029, 2869, 116, 23, 22, true, true
426913, 7076, 2870, 117, 24, 22, true, true
426994, 7105, 2870, 48, 23, 22, true, true
427444, 7279, 2870, 47, 22, 22, true, true
428728, 7710, 3003, 180, 23, 21, true, true
429322, 7929, 3003, 179, 22, 21, true, true
429339, 7934, 3004, 170, 22, 20, true, true
429622, 7999, 3005, 171, 23, 19, true, true
430116, 8095, 3005, 170, 22, 20, true, true
430828, 8323, 3005, 169, 21, 21, true, true
431179, 8505, 3006, 170, 22, 19, true, true
431261, 8552, 3009, 172, 23, 18, true, true
431693, 8765, 3009, 171, 22, 19, true, true
432854, 9166, 3010, 172, 23, 19, true, true
432955, 9217, 3028, 190, 24, 19, true, true
433030, 9251, 3028, 189, 23, 19, true, true
433162, 9300, 3029, 190, 24, 14, true, true
433418, 9395, 3030, 191, 25, 13, true, true
433584, 9467, 3031, 192, 26, 12, true, true
433647, 9480, 3031, 191, 25, 12, true, true
434158, 9722, 3032, 192, 26, 11, true, true
434224, 9747, 3032, 191, 25, 11, true, true
434322, 9793, 3054, 125, 26, 9, true, true
434933, 10090, 3055, 109, 27, 8, true, true
434997, 10118, 3056, 110, 28, 7, true, true
435339, 10306, 3056, 109, 27, 7, true, true
435743, 10531, 3056, 108, 26, 7, true, true
435865, 10594, 3057, 109, 27, 6, true, true
436414, 10928, 3058, 110, 28, 6, true, true
438018, 11750, 3060, 112, 29, 5, true, true
438350, 11959, 3060, 111, 28, 5, true, true
438500, 12053, 3060, 98, 27, 5, true, true
439732, 12778, 3060, 97, 26, 6, true, true
439795, 12816, 3060, 96, 25, 6, true, true
441348, 13929, 3060, 95, 24, 7, true, true
441600, 14111, 3060, 73, 23, 8, true, true
442986, 14950, 3060, 72, 22, 9, true, true
443919, 15656, 3060, 71, 21, 10, true, true
444407, 15977, 3060, 70, 20, 10, true, true
444480, 16026, 3060, 69, 19, 10, true, true
445104, 16354, 3060, 68, 18, 10, true, true
445628, 16696, 3061, 69, 19, 8, true, true
447431, 18059, 3061, 68, 18, 8, true, true
448096, 18465, 3061, 67, 17, 8, true, true
448641, 18998, 3062, 68, 18, 9, true, true
449059, 19323, 3062, 67, 17, 9, true, true
449625, 19874, 3062, 22, 16, 10, true, true
449815, 20038, 3065, 24, 17, 9, true, true
449915, 20139, 3065, 21, 16, 9, true, true
452037, 21685, 3066, 22, 17, 8, true, true
452726, 22186, 3066, 21, 16, 8, true, true
452786, 22224, 3066, 18, 15, 8, true, true
453112, 22476, 3066, 17, 14, 8, true, true
455922, 24740, 3066, 15, 13, 9, true, true
456596, 25359, 3066, 14, 12, 10, true, true
457899, 26476, 3067, 15, 13, 9, true, true
457926, 26501, 3067, 14, 12, 9, true, true
459683, 27886, 3068, 15, 13, 8, true, true
460298, 28495, 3069, 16, 14, 8, true, true
460444, 28639, 3069, 15, 13, 8, true, true
462595, 30086, 3071, 17, 14, 6, true, true
463056, 30399, 3071, 16, 13, 6, true, true
467072, 33153, 3071, 15, 12, 7, true, true
467321, 33374, 3071, 14, 11, 7, true, true
471922, 37390, 3072, 15, 12, 9, true, true
471977, 37446, 3073, 16, 13, 8, true, true
474559, 39591, 3074, 17, 14, 6, true, true
476135, 40998, 3074, 16, 14, 6, true, true
476199, 41068, 3074, 15, 13, 6, true, true
476906, 41725, 3074, 12, 12, 6, true, true
479508, 43851, 3074, 11, 11, 8, true, true
484918, 48811, 3075, 12, 12, 7, true, true
485986, 49820, 3075, 11, 11, 7, true, true
490690, 53943, 3075, 10, 10, 10, true, true
492848, 56005, 3076, 11, 11, 9, true, true
499560, 62699, 3076, 10, 10, 11, true, true
502849, 65813, 3077, 11, 11, 11, true, true
504882, 67659, 3078, 12, 12, 4, true, true
505151, 67906, 3078, 11, 11, 4, true, true
505253, 68011, 3079, 12, 12, 3, true, true
524707, 87262, 3079, 11, 11, 17, true, true
526799, 89331, 3079, 10, 10, 18, true, true
539044, 102504, 3080, 11, 11, 22, true, true
554340, 117904, 3083, 14, 12, 28, true, true
562336, 126844, 3084, 15, 13, 29, true, true
574347, 140197, 3085, 16, 14, 31, true, true
575999, 142426, 3086, 17, 15, 29, true, true
579521, 146250, 3087, 18, 16, 27, true, true
581921, 149048, 3088, 19, 17, 26, true, true
585542, 152857, 3089, 20, 18, 28, true, true
588775, 156628, 3108, 39, 19, 29, true, true
589818, 157781, 3110, 40, 20, 29, true, true
591368, 158955, 3112, 42, 21, 27, true, true
592231, 159928, 3113, 24, 21, 26, true, true
592954, 160726, 3114, 25, 22, 25, true, true
594243, 161725, 3115, 26, 23, 24, true, true
595151, 162362, 3119, 28, 23, 20, true, true
604550, 170129, 3120, 29, 24, 21, true, true
605634, 170930, 3122, 31, 25, 20, true, true
610522, 175262, 3123, 32, 26, 20, true, true
612470, 177097, 3123, 31, 25, 20, true, true
632109, 194011, 3123, 30, 24, 21, true, true
634149, 195667, 3123, 29, 23, 21, true, true
640472, 200536, 3125, 31, 24, 19, true, true
642169, 201840, 3125, 30, 23, 19, true, true
644711, 203858, 3126, 29, 23, 18, true, true
645774, 204524, 3126, 28, 22, 19, true, true
645824, 204573, 3127, 29, 23, 17, true, true
648558, 206489, 3131, 33, 24, 17, true, true
649368, 207101, 3132, 34, 25, 13, true, true
655181, 210991, 3132, 33, 24, 13, true, true
656054, 211572, 3132, 32, 23, 13, true, true
657311, 212535, 3132, 30, 22, 14, true, true
667427, 219168, 3132, 26, 21, 14, true, true
690807, 233273, 3132, 25, 20, 14, true, true
707707, 244371, 3132, 24, 19, 17, true, true
715295, 248838, 3156, 46, 20, 16, true, true
732302, 258939, 3157, 47, 21, 14, true, true
734240, 259902, 3158, 48, 22, 13, true, true
774682, 282825, 3158, 46, 21, 15, true, true
803688, 300057, 3158, 45, 20, 16, true, true
808196, 302773, 3159, 46, 21, 14, true, true
823666, 312547, 3167, 54, 22, 12, true, true
828500, 315502, 3173, 60, 23, 11, true, true
843719, 324984, 3173, 58, 23, 12, true, true
855001, 332875, 3173, 57, 22, 13, true, true
855009, 332881, 3174, 58, 23, 12, true, true
881439, 350270, 3175, 59, 24, 9, true, true
925318, 380189, 3175, 57, 23, 9, true, true
968602, 410825, 3175, 56, 22, 11, true, true
986765, 423871, 3175, 55, 21, 13, true, true
1022889, 454449, 3175, 54, 20, 17, true, true
1040172, 469473, 3175, 53, 19, 18, true, true
1045327, 473784, 3190, 68, 20, 14, true, true
1050995, 478471, 3190, 67, 19, 14, true, true
1053004, 480061, 3190, 66, 18, 14, true, true
1057934, 484161, 3190, 65, 17, 14, true, true
1062648, 487946, 3191, 66, 18, 12, true, true
1076767, 498964, 3191, 65, 17, 12, true, true
1097347, 514975, 3195, 66, 17, 11, true, true
1130071, 541482, 3195, 51, 16, 13, true, true
1185818, 582710, 3195, 50, 15, 17, true, true
1188034, 584626, 3196, 51, 16, 16, true, true
1222773, 610313, 3197, 46, 16, 16, true, true
1228023, 614557, 3197, 45, 15, 16, true, true
1265029, 644149, 3198, 45, 15, 15, true, true
1277152, 654573, 3200, 47, 16, 14, true, true
1431320, 781243, 3200, 46, 15, 17, true, true
1452806, 798287, 3201, 47, 16, 14, true, true
1461039, 805030, 3201, 46, 15, 14, true, true
1527744, 860131, 3203, 47, 15, 12, true, true
1563651, 888114, 3204, 48, 16, 11, true, true
1574032, 896851, 3204, 47, 16, 11, true, true
1700509, 1003767, 3204, 46, 15, 17, true, true
1741253, 1042665, 3204, 45, 14, 19, true, true
1760134, 1060007, 3205, 46, 15, 17, true, true
1815595, 1107854, 3205, 44, 14, 18, true, true
1837020, 1126627, 3205, 43, 14, 19, true, true
1863644, 1149447, 3225, 63, 15, 17, true, true
1922406, 1200638, 3226, 64, 16, 19, true, true
1942370, 1218079, 3227, 65, 17, 18, true, true
1956740, 1230189, 3227, 64, 16, 18, true, true
1958590, 1231874, 3228, 65, 17, 17, true, true
2002571, 1267905, 3359, 194, 18, 15, true, true
2042832, 1301828, 3359, 193, 18, 17, true, true
2196185, 1431357, 3359, 191, 17, 21, true, true
2199128, 1433787, 3370, 177, 18, 20, true, true
2276317, 1497822, 3371, 94, 19, 20, true, true
2391099, 1607902, 3371, 93, 18, 24, true, true
2520217, 1737087, 3372, 94, 19, 29, true, true
2536982, 1754042, 3372, 93, 18, 29, true, true
2601674, 1820191, 3372, 92, 17, 32, true, true
2618741, 1838322, 3373, 93, 18, 30, true, true
2634026, 1853196, 3375, 89, 18, 29, true, true
2697914, 1914685, 3376, 90, 19, 29, true, true
2717540, 1933673, 3376, 89, 18, 29, true, true
2787137, 1999210, 3376, 88, 17, 29, true, true
2813881, 2025044, 3380, 92, 18, 29, true, true
2893222, 2057283, 3381, 93, 19, 25, true, true
2928809, 2089079, 3382, 94, 20, 25, true, true
3040921, 2188932, 3383, 91, 21, 28, true, true
3106383, 2248724, 3384, 92, 22, 28, true, true
3185294, 2322217, 3385, 93, 23, 27, true, true
3202830, 2338775, 3385, 92, 22, 28, true, true
3238222, 2370517, 3386, 93, 23, 27, true, true
3292123, 2417770, 3387, 93, 24, 28, true, true
3429403, 2543113, 3388, 94, 25, 26, true, true
3456223, 2568119, 3389, 95, 26, 27, true, true
3661637, 2758842, 3390, 96, 27, 26, true, true
3710311, 2802666, 3390, 95, 26, 26, true, true
3732804, 2822676, 3390, 94, 25, 26, true, true
3754274, 2841607, 3395, 99, 26, 25, true, true
3822275, 2901643, 3395, 98, 25, 25, true, true
4004813, 3061778, 3410, 86, 25, 25, true, true
4038710, 3092206, 3411, 78, 26, 24, true, true
4060187, 3111563, 3414, 80, 26, 23, true, true
4542014, 3175108, 3414, 79, 26, 24, true, true
4716789, 3307393, 3415, 80, 27, 22, true, true
4717351, 3307837, 3416, 81, 28, 21, true, true
4742298, 3325953, 3417, 82, 29, 20, true, true
4846174, 3400898, 3417, 81, 28, 21, true, true
5120697, 3600738, 3417, 79, 27, 22, true, true
5126252, 3604469, 3420, 82, 28, 21, true, true
5127907, 3605609, 3421, 83, 29, 20, true, true
5361133, 3774418, 3422, 83, 29, 19, true, true
5418733, 3817480, 3422, 82, 28, 19, true, true
5726106, 4049316, 3422, 81, 27, 22, true, true
5882812, 4175354, 3423, 82, 28, 22, true, true
5996212, 4269429, 3424, 83, 29, 20, true, true
6061590, 4317684, 3424, 82, 28, 20, true, true
6129969, 4368739, 3425, 83, 29, 19, true, true
6280638, 4479551, 3431, 75, 30, 18, true, true
6531650, 4669542, 3432, 76, 31, 15, true, true
6662120, 4765617, 3432, 75, 30, 15, true, true
6671597, 4772490, 3432, 70, 28, 15, true, true
6800364, 4868441, 3433, 71, 29, 13, true, true
6890580, 4934410, 3433, 66, 28, 13, true, true
6982780, 5003452, 3441, 74, 29, 12, true, true
7153555, 5125177, 3442, 75, 30, 11, true, true
7168650, 5135526, 3442, 74, 29, 11, true, true
7198728, 5157273, 3442, 73, 28, 11, true, true
7646238, 5470840, 3442, 72, 27, 12, true, true
7759198, 5549752, 3442, 71, 26, 13, true, true
7938789, 5675121, 3443, 69, 27, 13, true, true
7954315, 5688224, 3443, 66, 27, 13, true, true
8072830, 5770334, 3443, 65, 26, 14, true, true
8080495, 5775100, 3443, 64, 25, 14, true, true
8126322, 5806289, 3443, 63, 24, 14, true, true
8174207, 5838881, 3443, 52, 24, 14, true, true
8481710, 6046406, 3451, 60, 25, 15, true, true
8747715, 6222028, 3452, 61, 26, 15, true, true
8752865, 6225346, 3453, 54, 26, 12, true, true
8955816, 6363055, 3453, 53, 25, 12, true, true
9126039, 6481089, 3453, 51, 25, 15, true, true
9360169, 6634223, 3453, 50, 24, 15, true, true
9570392, 6776465, 3453, 49, 23, 16, true, true
10061128, 7110120, 3454, 50, 24, 19, true, true
10798718, 7630181, 3454, 49, 24, 24, true, true
10838622, 7658922, 3455, 50, 25, 23, true, true
11178251, 7895070, 3455, 49, 24, 25, true, true
11348281, 8013943, 3455, 48, 23, 25, true, true
11376367, 8032939, 3456, 49, 24, 24, true, true
11636431, 8208506, 3460, 53, 25, 25, true, true
11830144, 8338746, 3460, 52, 24, 25, true, true
12765411, 8984672, 3460, 51, 23, 29, true, true
12896594, 9079617, 3460, 48, 22, 29, true, true
13133927, 9245116, 3460, 47, 21, 30, true, true
13235752, 9314578, 3461, 48, 22, 27, true, true
13738263, 9672108, 3461, 47, 21, 32, true, true
14187420, 10003565, 3462, 48, 22, 33, true, true
14753909, 10430585, 3464, 47, 23, 34, true, true
15621172, 11094431, 3465, 48, 24, 32, true, true
15637991, 11107459, 3466, 49, 25, 30, true, true
16016994, 11397337, 3467, 50, 26, 28, true, true
16591692, 11876806, 3471, 54, 27, 27, true, true
17216405, 12405347, 3471, 52, 26, 28, true, true
17632884, 12763694, 3471, 51, 25, 29, true, true
17724668, 12842113, 3471, 50, 24, 29, true, true
17817018, 12920752, 3471, 49, 23, 29, true, true
18556078, 13550872, 3472, 50, 24, 32, true, true
18764896, 13729801, 3474, 52, 25, 30, true, true
18824652, 13779779, 3480, 58, 26, 28, true, true
18903819, 13845809, 3480, 57, 25, 28, true, true
18904535, 13846433, 3480, 55, 24, 28, true, true
19007206, 13929118, 3480, 48, 24, 28, true, true
19067938, 13976202, 3481, 49, 25, 27, true, true
19089806, 13994935, 3481, 48, 24, 27, true, true
19340201, 14186560, 3481, 47, 23, 27, true, true
19890425, 14611936, 3482, 47, 24, 27, true, true
19899280, 14618675, 3483, 48, 25, 26, true, true
20731248, 15236842, 3484, 49, 26, 24, true, true
20742132, 15244665, 3485, 50, 27, 21, true, true
21053931, 15467307, 3485, 49, 26, 22, true, true
21286583, 15634483, 3487, 51, 27, 21, true, true
22180063, 16277478, 3487, 49, 26, 24, true, true
22201129, 16292380, 3487, 48, 25, 24, true, true
23146497, 16975560, 3487, 45, 24, 32, true, true
23223070, 17031232, 3488, 46, 25, 31, true, true
23465477, 17206836, 3492, 50, 26, 28, true, true
24072540, 17625976, 3492, 49, 25, 29, true, true
24124515, 17662030, 3492, 48, 24, 29, true, true
24961834, 18238736, 3506, 61, 24, 26, true, true
25206120, 18409501, 3506, 60, 23, 27, true, true
25236075, 18431877, 3506, 55, 22, 27, true, true
25803109, 18815545, 3506, 54, 21, 29, true, true
26079187, 19003934, 3506, 53, 20, 29, true, true
26245273, 19113861, 3507, 54, 21, 28, true, true
26665546, 19387356, 3509, 54, 22, 27, true, true
27499150, 19937460, 3509, 53, 21, 27, true, true
28013010, 20275843, 3511, 54, 21, 25, true, true
28265800, 20438504, 3513, 54, 22, 23, true, true
29009192, 20905101, 3513, 53, 21, 25, true, true
30441127, 21794665, 3513, 39, 20, 26, true, true
30950040, 22109984, 3514, 40, 21, 23, true, true
31482319, 22439472, 3515, 41, 22, 22, true, true
31938701, 22714903, 3515, 40, 21, 24, true, true
34749729, 24463446, 3515, 39, 20, 26, true, true
35016710, 24631032, 3515, 38, 19, 27, true, true
35131235, 24700042, 3515, 37, 18, 27, true, true
37617971, 26230994, 3515, 35, 17, 29, true, true
37898519, 26405974, 3515, 34, 16, 29, true, true
38025206, 26484203, 3516, 33, 17, 27, true, true
38372773, 26694505, 3517, 34, 18, 26, true, true
38547338, 26802201, 3517, 33, 18, 27, true, true
38902133, 27008608, 3517, 27, 17, 28, true, true
39519738, 27368211, 3518, 28, 18, 26, true, true
41307473, 28486172, 3518, 27, 17, 29, true, true
42152146, 29034726, 3518, 26, 16, 30, true, true
43497148, 29914259, 3519, 26, 16, 26, true, true
44021981, 30253179, 3519, 25, 16, 27, true, true
45717037, 31373618, 3519, 22, 14, 31, true, true
45744998, 31393540, 3520, 23, 15, 26, true, true
46543633, 31917755, 3520, 20, 13, 27, true, true
47650131, 32639579, 3520, 16, 12, 29, true, true
47676044, 32656994, 3524, 20, 13, 26, true, true
47996151, 32866498, 3525, 21, 14, 20, true, true
48249354, 33026130, 3526, 22, 15, 19, true, true
49122517, 33571317, 3526, 21, 15, 20, true, true
50545982, 34468336, 3526, 20, 14, 20, true, true
51123618, 34836072, 3540, 34, 15, 19, true, true
53755638, 36556915, 3541, 35, 16, 21, true, true
54803234, 37259416, 3542, 36, 17, 18, true, true
55011122, 37396590, 3542, 35, 16, 18, true, true
59772134, 40707432, 3543, 36, 17, 24, true, true
60213552, 41028445, 3545, 37, 18, 23, true, true
61168701, 41717229, 3545, 36, 17, 23, true, true
65189687, 44609108, 3546, 37, 18, 24, true, true
66090573, 45264423, 3548, 36, 19, 22, true, true
67801375, 46512820, 3549, 37, 20, 21, true, true
68059194, 46690200, 3549, 36, 19, 21, true, true
71385950, 48973655, 3552, 39, 20, 20, true, true
72866920, 50008744, 3552, 38, 19, 20, true, true
74301341, 50995900, 3552, 37, 18, 21, true, true
74485354, 51120009, 3553, 38, 19, 18, true, true
75101751, 51537273, 3553, 37, 18, 18, true, true
78107465, 53573607, 3553, 36, 17, 18, true, true
78512594, 53863462, 3556, 39, 18, 18, true, true
80068756, 54964175, 3556, 37, 17, 18, true, true
81089756, 55691945, 3557, 38, 18, 16, true, true
81439543, 55939760, 3557, 37, 17, 16, true, true
87172728, 59967792, 3557, 36, 16, 21, true, true
90670125, 62499096, 3557, 35, 15, 21, true, true
93998763, 64962068, 3558, 36, 16, 22, true, true
96199070, 66662706, 3559, 37, 17, 22, false, true
99854818, 69535359, 3559, 35, 16, 22, false, true
100190353, 69799706, 3560, 36, 17, 20, false, true
102355823, 71514895, 3560, 35, 16, 20, false, true
104314186, 73042594, 3561, 35, 16, 19, false, true
108214948, 76125862, 3561, 34, 15, 19, false, true
109081271, 76804055, 3563, 36, 16, 18, false, true
109959562, 77483506, 3567, 40, 17, 17, false, true
109982876, 77501188, 3567, 37, 16, 17, false, true
112081432, 79084300, 3568, 37, 17, 16, false, true
112918126, 79707133, 3568, 36, 16, 16, false, true
113296703, 79984944, 3569, 37, 17, 15, false, true
114027041, 80515356, 3579, 47, 18, 14, false, true
119368522, 84314666, 3581, 49, 19, 13, false, true
123372431, 87202888, 3582, 50, 20, 11, false, true
124395864, 87935451, 3583, 51, 21, 9, false, true
128856292, 91094158, 3583, 50, 20, 9, false, true
132979485, 94066659, 3584, 51, 21, 8, false, true
136536147, 96663268, 3584, 50, 20, 8, false, true
143934496, 101974820, 3586, 52, 21, 7, false, true
150807975, 107207360, 3587, 53, 22, 3, false, true
155538421, 110894851, 3588, 54, 23, 2, false, true
158274863, 113023491, 3589, 52, 24, 1, false, true
158485093, 113186269, 3589, 51, 23, 1, false, true
161562735, 115527255, 3592, 54, 24, 0, false, true
162823217, 116477332, 3592, 53, 23, 0, false, true
165810574, 118691988, 3592, 52, 22, 0, false, true
175950514, 126676535, 3592, 51, 21, 0, false, true
179305653, 129923742, 3592, 50, 20, 0, false, true
