subject,node_select,index,total_edges,execs_per_sec,execs_done,container_name,filename,start_time,last_update,run_time,fuzzer_pid,cycles_done,cycles_wo_finds,time_wo_finds,fuzz_time,calibration_time,cmplog_time,sync_time,trim_time,execs_ps_last_min,corpus_count,corpus_favored,corpus_found,corpus_imported,corpus_variable,max_depth,cur_item,pending_favs,pending_total,stability,bitmap_cvg,saved_crashes,saved_hangs,last_find,last_crash,last_hang,execs_since_crash,exec_timeout,slowest_exec_ms,peak_rss_mb,cpu_affinity,edges_found,var_byte_count,havoc_expansion,auto_dict_entries,testcache_size,testcache_count,testcache_evict,afl_banner,afl_version,target_mode,command_line
freetype2,yes,0,26553,399.57,97102870,angry_bardeen,angry_bardeen_fuzzer_stats,1740864971,1741107991,243019,11,6326,1,320,239430,24,3564,0,0,276.72,15824,1205,15822,0,2119,87,15641,0,0,99.98,35.39,0,0,1741107870,0,0,97102870,5,0,0,-1,9398,2,0,8695,2086088,445,14763,/out/ftfuzzer,++4.31a,persistent shmem_testcase deferred,./afl-fuzz -i /out/seeds -o /out/corpus -m 5000 -t 1000+ -d -x ./afl++.dict -c /out/cmplog/ftfuzzer -z -P explore -V 17280000 -- /out/ftfuzzer 2147483647
freetype2,yes,1,26553,443.38,85856146,pensive_dewdney,pensive_dewdney_fuzzer_stats,1740914409,1741108049,193640,11,6090,0,424,189075,22,4541,0,0,375.12,14033,1088,14031,0,2270,50,13975,0,0,99.98,33.11,0,0,1741108021,0,0,85856146,5,0,0,-1,8792,2,0,8097,2083932,343,13075,/out/ftfuzzer,++4.31a,persistent shmem_testcase deferred,./afl-fuzz -i /out/seeds -o /out/corpus -m 5000 -t 1000+ -d -x ./afl++.dict -c /out/cmplog/ftfuzzer -z -P explore -V 17280000 -- /out/ftfuzzer 2147483647
freetype2,yes,2,26553,433.5,83924662,dazzling_matsumoto,dazzling_matsumoto_fuzzer_stats,1740914415,1741108014,193598,11,5798,0,378,190756,30,2810,0,0,334.4,14989,1193,14987,0,2147,74,8916,0,1,99.98,35.41,0,0,1741107994,0,0,83924662,5,0,0,-1,9403,2,0,8057,2065642,124,14614,/out/ftfuzzer,++4.31a,persistent shmem_testcase deferred,./afl-fuzz -i /out/seeds -o /out/corpus -m 5000 -t 1000+ -d -x ./afl++.dict -c /out/cmplog/ftfuzzer -z -P explore -V 17280000 -- /out/ftfuzzer 2147483647
freetype2,yes,3,26553,421.82,81665277,mystifying_black,mystifying_black_fuzzer_stats,1740914417,1741108020,193603,11,5297,1,679,188427,32,5141,0,0,339.27,14775,1110,14773,0,2385,63,14190,0,0,99.98,33.5,0,0,1741107945,0,0,81665277,5,0,0,-1,8895,2,0,8982,2080505,316,14533,/out/ftfuzzer,++4.31a,persistent shmem_testcase deferred,./afl-fuzz -i /out/seeds -o /out/corpus -m 5000 -t 1000+ -d -x ./afl++.dict -c /out/cmplog/ftfuzzer -z -P explore -V 17280000 -- /out/ftfuzzer 2147483647
freetype2,yes,4,26553,435.57,84328493,great_jemison,great_jemison_fuzzer_stats,1740914420,1741108026,193606,11,5265,4,319,190555,24,3026,0,0,366.25,16020,1282,16018,0,2333,87,12764,0,0,99.98,36.93,0,0,1741107802,0,0,84328493,5,0,0,-1,9807,2,0,8308,2096030,361,15360,/out/ftfuzzer,++4.31a,persistent shmem_testcase deferred,./afl-fuzz -i /out/seeds -o /out/corpus -m 5000 -t 1000+ -d -x ./afl++.dict -c /out/cmplog/ftfuzzer -z -P explore -V 17280000 -- /out/ftfuzzer 2147483647
jsoncpp,yes,0,5631,675.35,164015540,vigilant_thompson,vigilant_thompson_fuzzer_stats,1740865110,1741107969,242858,11,108183,2090,52998,242784,2,70,2,0,601.4,1544,79,1543,0,0,71,1171,0,0,100.0,21.93,0,0,1741102561,0,0,164015540,1000,0,0,-1,1235,0,0,11391,1790150,31,1512,/out/jsoncpp_fuzzer,++4.31a,persistent shmem_testcase deferred,./afl-fuzz -i /out/seeds -o /out/corpus -m 5000 -t 1000+ -d -x ./afl++.dict -c /out/cmplog/jsoncpp_fuzzer -z -P explore -V 17280000 -x /out/jsoncpp_fuzzer.dict -- /out/jsoncpp_fuzzer 2147483647
jsoncpp,yes,1,5631,663.39,128387408,gracious_proskuriakova,gracious_proskuriakova_fuzzer_stats,1740914561,1741108092,193531,11,85501,488,29898,193460,2,66,1,0,669.82,1536,70,1535,0,0,63,1273,0,0,100.0,21.93,0,0,1741106834,0,0,128387408,1000,0,0,-1,1235,0,0,8129,2079201,31,1503,/out/jsoncpp_fuzzer,++4.31a,persistent shmem_testcase deferred,./afl-fuzz -i /out/seeds -o /out/corpus -m 5000 -t 1000+ -d -x ./afl++.dict -c /out/cmplog/jsoncpp_fuzzer -z -P explore -V 17280000 -x /out/jsoncpp_fuzzer.dict -- /out/jsoncpp_fuzzer 2147483647
jsoncpp,yes,2,5631,717.22,138795176,stupefied_franklin,stupefied_franklin_fuzzer_stats,1740914568,1741108086,193517,12,93787,1549,16208,193442,2,71,2,0,725.88,1542,81,1541,0,0,86,1481,0,0,100.0,21.93,0,0,1741104320,0,0,138795176,1000,0,0,-1,1235,0,0,10028,1879994,44,1495,/out/jsoncpp_fuzzer,++4.31a,persistent shmem_testcase deferred,./afl-fuzz -i /out/seeds -o /out/corpus -m 5000 -t 1000+ -d -x ./afl++.dict -c /out/cmplog/jsoncpp_fuzzer -z -P explore -V 17280000 -x /out/jsoncpp_fuzzer.dict -- /out/jsoncpp_fuzzer 2147483647
jsoncpp,yes,3,5631,753.2,145794003,gallant_goodall,gallant_goodall_fuzzer_stats,1740914570,1741108137,193567,11,98646,39,19654,193480,2,81,2,0,768.54,1547,83,1546,0,0,60,1277,0,0,100.0,21.93,0,0,1741108056,0,0,145794003,1000,0,0,-1,1235,0,0,13903,1984186,40,1506,/out/jsoncpp_fuzzer,++4.31a,persistent shmem_testcase deferred,./afl-fuzz -i /out/seeds -o /out/corpus -m 5000 -t 1000+ -d -x ./afl++.dict -c /out/cmplog/jsoncpp_fuzzer -z -P explore -V 17280000 -x /out/jsoncpp_fuzzer.dict -- /out/jsoncpp_fuzzer 2147483647
jsoncpp,yes,4,5631,707.74,136992841,pedantic_rhodes,pedantic_rhodes_fuzzer_stats,1740914571,1741108136,193564,11,92916,3197,38857,193485,2,74,2,0,863.12,1507,87,1506,0,0,63,189,0,0,100.0,21.93,0,0,1741101164,0,0,136992841,1000,0,0,-1,1235,0,0,9232,2025209,46,1459,/out/jsoncpp_fuzzer,++4.31a,persistent shmem_testcase deferred,./afl-fuzz -i /out/seeds -o /out/corpus -m 5000 -t 1000+ -d -x ./afl++.dict -c /out/cmplog/jsoncpp_fuzzer -z -P explore -V 17280000 -x /out/jsoncpp_fuzzer.dict -- /out/jsoncpp_fuzzer 2147483647
libjpeg,yes,0,21788,815.38,198089501,awesome_hertz,awesome_hertz_fuzzer_stats,1740865014,1741107955,242940,11,29219,1393,14269,236095,10,420,6414,0,684.82,6916,338,3850,0,0,59,6881,0,0,100.0,17.78,0,0,1741093685,0,0,198089501,9,0,0,-1,3874,0,0,866,428277,243,4479670,/out/libjpeg_turbo_fuzzer,++4.31a,persistent shmem_testcase deferred,./afl-fuzz -i /out/seeds -o /out/corpus -m 5000 -t 1000+ -d -x ./afl++.dict -c /out/cmplog/libjpeg_turbo_fuzzer -z -P explore -V 17280000 -- /out/libjpeg_turbo_fuzzer 2147483647
libjpeg,yes,1,21788,840.56,162729114,serene_ride,serene_ride_fuzzer_stats,1740914519,1741108116,193596,11,24158,9,11162,187205,16,678,5696,0,1088.11,6866,327,3800,0,0,37,723,0,0,100.0,17.74,0,0,1741108053,0,0,162729114,10,0,0,-1,3865,0,0,791,420640,225,3896916,/out/libjpeg_turbo_fuzzer,++4.31a,persistent shmem_testcase deferred,./afl-fuzz -i /out/seeds -o /out/corpus -m 5000 -t 1000+ -d -x ./afl++.dict -c /out/cmplog/libjpeg_turbo_fuzzer -z -P explore -V 17280000 -- /out/libjpeg_turbo_fuzzer 2147483647
libjpeg,yes,2,21788,768.08,148645752,nifty_mahavira,nifty_mahavira_fuzzer_stats,1740914551,1741108080,193528,11,22006,318,3716,186724,24,1569,5210,0,769.09,6969,333,3903,0,0,43,5758,0,0,100.0,17.7,0,0,1741105020,0,0,148645752,14,0,0,-1,3856,0,0,1030,441093,240,3402191,/out/libjpeg_turbo_fuzzer,++4.31a,persistent shmem_testcase deferred,./afl-fuzz -i /out/seeds -o /out/corpus -m 5000 -t 1000+ -d -x ./afl++.dict -c /out/cmplog/libjpeg_turbo_fuzzer -z -P explore -V 17280000 -- /out/libjpeg_turbo_fuzzer 2147483647
libjpeg,yes,3,21788,850.09,164517110,ecstatic_kalam,ecstatic_kalam_fuzzer_stats,1740914554,1741108083,193528,11,24653,56,7421,187338,12,363,5814,0,856.66,6917,346,3851,0,0,42,3596,0,0,100.0,17.74,0,0,1741107585,0,0,164517110,12,0,0,-1,3866,0,0,817,503968,253,3667747,/out/libjpeg_turbo_fuzzer,++4.31a,persistent shmem_testcase deferred,./afl-fuzz -i /out/seeds -o /out/corpus -m 5000 -t 1000+ -d -x ./afl++.dict -c /out/cmplog/libjpeg_turbo_fuzzer -z -P explore -V 17280000 -- /out/libjpeg_turbo_fuzzer 2147483647
libjpeg,yes,4,21788,795.49,153948866,inspiring_gagarin,inspiring_gagarin_fuzzer_stats,1740914557,1741108085,193528,11,22463,838,8505,187433,16,775,5302,0,824.73,7039,336,3973,0,0,42,5211,0,0,100.0,17.76,0,0,1741100102,0,0,153948866,13,0,0,-1,3870,0,0,637,403969,222,3654737,/out/libjpeg_turbo_fuzzer,++4.31a,persistent shmem_testcase deferred,./afl-fuzz -i /out/seeds -o /out/corpus -m 5000 -t 1000+ -d -x ./afl++.dict -c /out/cmplog/libjpeg_turbo_fuzzer -z -P explore -V 17280000 -- /out/libjpeg_turbo_fuzzer 2147483647
libpcap,yes,0,7815,2177.58,316247158,sleepy_shirley,sleepy_shirley_fuzzer_stats,1741192950,1741338178,145228,11,220307,7794,7003,145133,1,89,3,0,1831.9,1719,438,1718,0,0,58,61,0,0,100.0,25.09,0,11,1741331174,0,1741316884,316247158,1000,0,0,-1,1961,0,0,512,1497906,1719,0,/out/fuzz_both,++4.31a,persistent shmem_testcase deferred,./afl-fuzz -i /out/seeds -o /out/corpus -m 1000 -t 1000+ -d -x ./afl++.dict -c /out/cmplog/fuzz_both -z -P explore -V 17280000 -- /out/fuzz_both 2147483647
libpcap,yes,1,7815,2150.83,312304199,unruffled_wing,unruffled_wing_fuzzer_stats,1741192951,1741338153,145201,11,178103,1381,2923,145072,2,123,2,0,1903.04,2345,529,2344,0,0,62,785,0,0,100.0,27.6,0,14,1741336458,0,1741316887,312304199,1000,0,0,-1,2157,0,0,573,2057263,2055,218,/out/fuzz_both,++4.31a,persistent shmem_testcase deferred,./afl-fuzz -i /out/seeds -o /out/corpus -m 1000 -t 1000+ -d -x ./afl++.dict -c /out/cmplog/fuzz_both -z -P explore -V 17280000 -- /out/fuzz_both 2147483647
libpcap,yes,2,7815,1883.74,273547383,focused_shaw,focused_shaw_fuzzer_stats,1741192953,1741338168,145215,11,214268,86,3837,145056,2,153,3,0,1629.97,1761,440,1760,0,0,74,1065,0,0,100.0,24.3,0,16,1741338074,0,1741316893,273547383,1000,0,0,-1,1899,0,0,546,2089232,1575,162,/out/fuzz_both,++4.31a,persistent shmem_testcase deferred,./afl-fuzz -i /out/seeds -o /out/corpus -m 1000 -t 1000+ -d -x ./afl++.dict -c /out/cmplog/fuzz_both -z -P explore -V 17280000 -- /out/fuzz_both 2147483647
libpcap,yes,3,7815,1733.49,251672250,kind_mcclintock,kind_mcclintock_fuzzer_stats,1741192954,1741338137,145182,11,139227,1293,4987,144829,5,345,2,0,1661.2,2197,502,2196,0,81,58,974,0,0,96.27,28.14,0,131,1741336393,0,1741330188,251672250,1000,0,0,-1,2199,82,0,717,2095809,2110,86,/out/fuzz_both,++4.31a,persistent shmem_testcase deferred,./afl-fuzz -i /out/seeds -o /out/corpus -m 1000 -t 1000+ -d -x ./afl++.dict -c /out/cmplog/fuzz_both -z -P explore -V 17280000 -- /out/fuzz_both 2147483647
libpcap,yes,4,7815,2291.08,332374906,unruffled_jennings,unruffled_jennings_fuzzer_stats,1741193089,1741338162,145073,11,194323,921,1919,144897,4,169,3,0,1867.29,2532,441,2531,0,0,54,2311,0,0,100.0,26.09,0,39,1741336929,0,1741325519,332374906,1000,0,0,-1,2039,0,0,646,1933917,2532,0,/out/fuzz_both,++4.31a,persistent shmem_testcase deferred,./afl-fuzz -i /out/seeds -o /out/corpus -m 1000 -t 1000+ -d -x ./afl++.dict -c /out/cmplog/fuzz_both -z -P explore -V 17280000 -- /out/fuzz_both 2147483647
libpng,yes,0,6077,1328.8,322347115,beautiful_visvesvaraya,beautiful_visvesvaraya_fuzzer_stats,1740865425,1741108010,242584,11,141788,410,5465,240672,1,186,1724,0,1208.95,2555,289,2399,0,0,30,2023,0,0,100.0,29.32,0,0,1741107134,0,0,322347115,5,0,0,-1,1782,0,0,247,2092084,717,1825,/out/libpng_read_fuzzer,++4.31a,persistent shmem_testcase deferred,./afl-fuzz -i /out/seeds -o /out/corpus -m 5000 -t 1000+ -d -x ./afl++.dict -c /out/cmplog/libpng_read_fuzzer -z -P explore -V 17280000 -x /out/libpng_read_fuzzer.dict -- /out/libpng_read_fuzzer 2147483647
libpng,yes,1,6077,1495.87,289576033,determined_sutherland,determined_sutherland_fuzzer_stats,1740914479,1741108063,193583,11,126381,240,6818,191875,1,103,1601,0,1479.27,2575,314,2419,0,0,24,218,0,0,100.0,29.29,0,0,1741107624,0,0,289576033,5,0,0,-1,1780,0,0,259,2096798,924,1600,/out/libpng_read_fuzzer,++4.31a,persistent shmem_testcase deferred,./afl-fuzz -i /out/seeds -o /out/corpus -m 5000 -t 1000+ -d -x ./afl++.dict -c /out/cmplog/libpng_read_fuzzer -z -P explore -V 17280000 -x /out/libpng_read_fuzzer.dict -- /out/libpng_read_fuzzer 2147483647
libpng,yes,2,6077,1652.53,319939479,keen_ptolemy,keen_ptolemy_fuzzer_stats,1740914490,1741108096,193606,11,136606,160,3959,191710,1,119,1774,0,1814.71,2639,325,2483,0,0,23,243,0,0,100.0,29.34,0,0,1741107829,0,0,319939479,5,0,0,-1,1783,0,0,234,2096916,1018,1591,/out/libpng_read_fuzzer,++4.31a,persistent shmem_testcase deferred,./afl-fuzz -i /out/seeds -o /out/corpus -m 5000 -t 1000+ -d -x ./afl++.dict -c /out/cmplog/libpng_read_fuzzer -z -P explore -V 17280000 -x /out/libpng_read_fuzzer.dict -- /out/libpng_read_fuzzer 2147483647
libpng,yes,3,6077,1613.17,312321066,festive_lovelace,festive_lovelace_fuzzer_stats,1740914491,1741108098,193607,11,132457,1330,3394,191783,1,134,1686,0,1819.39,2650,334,2494,0,0,31,1110,0,0,100.0,29.34,0,0,1741105732,0,0,312321066,5,0,0,-1,1783,0,0,375,2095027,926,1668,/out/libpng_read_fuzzer,++4.31a,persistent shmem_testcase deferred,./afl-fuzz -i /out/seeds -o /out/corpus -m 5000 -t 1000+ -d -x ./afl++.dict -c /out/cmplog/libpng_read_fuzzer -z -P explore -V 17280000 -x /out/libpng_read_fuzzer.dict -- /out/libpng_read_fuzzer 2147483647
libpng,yes,4,6077,1558.33,301746219,magical_goodall,magical_goodall_fuzzer_stats,1740914493,1741108127,193634,11,133131,243,3310,191804,1,100,1727,0,1851.17,2547,329,2391,0,0,28,287,0,0,100.0,29.06,0,0,1741107712,0,0,301746219,5,0,0,-1,1766,0,0,217,2094475,630,1884,/out/libpng_read_fuzzer,++4.31a,persistent shmem_testcase deferred,./afl-fuzz -i /out/seeds -o /out/corpus -m 5000 -t 1000+ -d -x ./afl++.dict -c /out/cmplog/libpng_read_fuzzer -z -P explore -V 17280000 -x /out/libpng_read_fuzzer.dict -- /out/libpng_read_fuzzer 2147483647
libxml2,yes,0,50573,256.39,70121447,elated_matsumoto,elated_matsumoto_fuzzer_stats,1740834480,1741107972,273492,11,4023,1,2297,267105,259,6045,81,0,169.95,17377,1128,17070,0,10614,41,7302,0,0,99.98,19.73,0,3,1741107692,0,1741056226,70121447,621,0,0,-1,9980,2,0,12345,1913825,67,18550,/out/xml,++4.31a,persistent shmem_testcase deferred,./afl-fuzz -i /out/seeds -o /out/corpus -m 5000 -t 1000+ -d -x ./afl++.dict -c /out/cmplog/xml -z -P explore -V 17280000 -x /out/xml.dict -- /out/xml 2147483647
libxml2,yes,1,50573,271.59,52595846,relaxed_khayyam,relaxed_khayyam_fuzzer_stats,1740914376,1741108037,193661,11,2969,2,543,191124,209,2257,69,0,210.52,17114,1116,16807,0,9967,35,7862,0,0,99.98,19.72,0,5,1741107808,0,1741020890,52595846,628,0,0,-1,9972,2,0,11791,2011088,91,17992,/out/xml,++4.31a,persistent shmem_testcase deferred,./afl-fuzz -i /out/seeds -o /out/corpus -m 5000 -t 1000+ -d -x ./afl++.dict -c /out/cmplog/xml -z -P explore -V 17280000 -x /out/xml.dict -- /out/xml 2147483647
libxml2,yes,2,50573,271.36,52539238,exciting_sutherland,exciting_sutherland_fuzzer_stats,1740914382,1741107998,193615,11,2985,7,710,186870,256,6418,70,0,230.15,16958,1141,16651,0,10086,41,2414,0,0,99.98,19.75,0,14,1741107357,0,1741094110,52539238,651,0,0,-1,9988,2,0,12868,2079452,116,17029,/out/xml,++4.31a,persistent shmem_testcase deferred,./afl-fuzz -i /out/seeds -o /out/corpus -m 5000 -t 1000+ -d -x ./afl++.dict -c /out/cmplog/xml -z -P explore -V 17280000 -x /out/xml.dict -- /out/xml 2147483647
libxml2,yes,3,50573,288.79,55911999,dazzling_montalcini,dazzling_montalcini_fuzzer_stats,1740914385,1741107994,193608,11,3213,0,845,190032,246,3253,75,0,233.79,17339,1136,17032,0,9911,41,10651,0,0,99.98,19.77,0,0,1741107897,0,0,55911999,630,0,0,-1,9997,2,0,10959,2092879,138,17588,/out/xml,++4.31a,persistent shmem_testcase deferred,./afl-fuzz -i /out/seeds -o /out/corpus -m 5000 -t 1000+ -d -x ./afl++.dict -c /out/cmplog/xml -z -P explore -V 17280000 -x /out/xml.dict -- /out/xml 2147483647
libxml2,yes,4,50573,282.16,54630887,nostalgic_jemison,nostalgic_jemison_fuzzer_stats,1740914387,1741108006,193618,11,3105,0,874,189910,237,3396,73,0,246.83,17117,1138,16810,0,9977,41,16570,0,0,99.98,19.68,0,2,1741107964,0,1741014290,54630887,622,0,0,-1,9953,2,0,13211,2082624,101,16379,/out/xml,++4.31a,persistent shmem_testcase deferred,./afl-fuzz -i /out/seeds -o /out/corpus -m 5000 -t 1000+ -d -x ./afl++.dict -c /out/cmplog/xml -z -P explore -V 17280000 -x /out/xml.dict -- /out/xml 2147483647
sqlite3,yes,0,32849,96.22,31205958,agitated_banzai,agitated_banzai_fuzzer_stats,1740865068,1741189393,324324,11,3810,1,1087,323139,116,710,357,0,170.89,10406,1028,9143,0,7952,44,9778,0,0,86.47,45.58,0,8,1741189296,0,1741188493,31205958,12,0,0,-1,14972,2026,0,3851,885343,216,9944,/out/ossfuzz,++4.31a,persistent shmem_testcase deferred,./afl-fuzz -i /out/seeds -o /out/corpus -m 5000 -t 1000+ -d -x ./afl++.dict -c /out/cmplog/ossfuzz -z -P explore -V 17280000 -x /out/ossfuzz.dict -- /out/ossfuzz 2147483647
sqlite3,yes,1,32849,90.42,17510425,recursing_sinoussi,recursing_sinoussi_fuzzer_stats,1740914322,1741107975,193653,11,2340,0,434,192018,133,1275,225,0,73.23,9068,948,7805,0,6827,48,5646,0,0,84.81,44.77,0,7,1741107805,0,1741066078,17510425,13,0,0,-1,14705,2234,0,4248,1247756,212,8509,/out/ossfuzz,++4.31a,persistent shmem_testcase deferred,./afl-fuzz -i /out/seeds -o /out/corpus -m 5000 -t 1000+ -d -x ./afl++.dict -c /out/cmplog/ossfuzz -z -P explore -V 17280000 -x /out/ossfuzz.dict -- /out/ossfuzz 2147483647
sqlite3,yes,2,32849,92.24,17862824,affectionate_napier,affectionate_napier_fuzzer_stats,1740914336,1741107996,193660,11,2521,0,382,192555,105,755,243,0,73.33,8748,880,7485,0,6478,43,292,0,0,82.45,44.7,0,13,1741107982,0,1741062503,17862824,13,0,0,-1,14684,2577,0,2600,1798891,322,8252,/out/ossfuzz,++4.31a,persistent shmem_testcase deferred,./afl-fuzz -i /out/seeds -o /out/corpus -m 5000 -t 1000+ -d -x ./afl++.dict -c /out/cmplog/ossfuzz -z -P explore -V 17280000 -x /out/ossfuzz.dict -- /out/ossfuzz 2147483647
sqlite3,yes,3,32849,109.53,21212200,priceless_gould,priceless_gould_fuzzer_stats,1740914338,1741107999,193661,11,2909,0,364,192303,88,988,280,0,89.95,9010,991,7747,0,6489,49,4316,0,0,64.06,45.14,0,8,1741107968,0,1741087300,21212200,14,0,0,-1,14829,5329,0,4389,836360,231,8550,/out/ossfuzz,++4.31a,persistent shmem_testcase deferred,./afl-fuzz -i /out/seeds -o /out/corpus -m 5000 -t 1000+ -d -x ./afl++.dict -c /out/cmplog/ossfuzz -z -P explore -V 17280000 -x /out/ossfuzz.dict -- /out/ossfuzz 2147483647
sqlite3,yes,4,32849,99.39,19247513,magical_cartwright,magical_cartwright_fuzzer_stats,1740914342,1741107995,193653,11,2684,0,517,192588,90,713,260,0,77.86,8785,978,7522,0,6500,40,6769,0,0,61.39,45.1,0,29,1741107894,0,1741065229,19247513,12,0,0,-1,14814,5719,0,2843,873621,159,8571,/out/ossfuzz,++4.31a,persistent shmem_testcase deferred,./afl-fuzz -i /out/seeds -o /out/corpus -m 5000 -t 1000+ -d -x ./afl++.dict -c /out/cmplog/ossfuzz -z -P explore -V 17280000 -x /out/ossfuzz.dict -- /out/ossfuzz 2147483647
zlib,yes,0,986,4577.12,1112073356,epic_yalow,epic_yalow_fuzzer_stats,1740865029,1741107992,242963,11,2408835,239398,44114,242905,0,9,49,0,4028.43,491,71,490,0,0,30,45,0,0,100.0,40.87,0,0,1741079719,0,0,1112073356,1000,0,0,-1,403,0,0,422,826924,491,0,/out/zlib_uncompress_fuzzer,++4.31a,persistent shmem_testcase deferred,./afl-fuzz -i /out/seeds -o /out/corpus -m 5000 -t 1000+ -d -x ./afl++.dict -c /out/cmplog/zlib_uncompress_fuzzer -z -P explore -V 17280000 -- /out/zlib_uncompress_fuzzer 2147483647
zlib,yes,1,986,4550.17,880943398,determined_chebyshev,determined_chebyshev_fuzzer_stats,1740914437,1741108043,193606,11,1752013,250208,33116,193557,0,10,38,0,4535.7,528,75,527,0,0,29,443,0,0,100.0,40.37,0,0,1741079201,0,0,880943398,1000,0,0,-1,398,0,0,328,2066047,528,0,/out/zlib_uncompress_fuzzer,++4.31a,persistent shmem_testcase deferred,./afl-fuzz -i /out/seeds -o /out/corpus -m 5000 -t 1000+ -d -x ./afl++.dict -c /out/cmplog/zlib_uncompress_fuzzer -z -P explore -V 17280000 -- /out/zlib_uncompress_fuzzer 2147483647
zlib,yes,2,986,4213.53,815620367,pedantic_wilbur,pedantic_wilbur_fuzzer_stats,1740914444,1741108016,193571,11,1638447,19654,26283,193524,0,11,36,0,4193.69,515,82,514,0,0,33,388,0,0,100.0,40.97,0,0,1741105600,0,0,815620367,1000,0,0,-1,404,0,0,392,2020373,515,0,/out/zlib_uncompress_fuzzer,++4.31a,persistent shmem_testcase deferred,./afl-fuzz -i /out/seeds -o /out/corpus -m 5000 -t 1000+ -d -x ./afl++.dict -c /out/cmplog/zlib_uncompress_fuzzer -z -P explore -V 17280000 -- /out/zlib_uncompress_fuzzer 2147483647
zlib,yes,3,986,3850.17,745449891,upbeat_montalcini,upbeat_montalcini_fuzzer_stats,1740914445,1741108060,193614,11,1436588,108647,27747,193572,0,11,31,0,3982.45,546,79,545,0,0,35,0,0,0,100.0,40.97,0,0,1741092400,0,0,745449891,1000,0,0,-1,404,0,0,290,2096441,418,127,/out/zlib_uncompress_fuzzer,++4.31a,persistent shmem_testcase deferred,./afl-fuzz -i /out/seeds -o /out/corpus -m 5000 -t 1000+ -d -x ./afl++.dict -c /out/cmplog/zlib_uncompress_fuzzer -z -P explore -V 17280000 -- /out/zlib_uncompress_fuzzer 2147483647
zlib,yes,4,986,4216.97,816290030,angry_haslett,angry_haslett_fuzzer_stats,1740914447,1741108020,193572,11,1723825,3410,40786,193524,0,10,37,0,4011.81,487,74,486,0,0,29,53,0,0,100.0,40.37,0,0,1741107605,0,0,816290030,1000,0,0,-1,398,0,0,408,2062787,349,138,/out/zlib_uncompress_fuzzer,++4.31a,persistent shmem_testcase deferred,./afl-fuzz -i /out/seeds -o /out/corpus -m 5000 -t 1000+ -d -x ./afl++.dict -c /out/cmplog/zlib_uncompress_fuzzer -z -P explore -V 17280000 -- /out/zlib_uncompress_fuzzer 2147483647
